ID,CONTEXT,SYNSET,LABEL,
1,在现代化企业中，科学的管理方法被广泛应用于优化生产流程和提高员工效率，它通过数据分析和绩效评估来控制资源分配，从而推动组织在竞争激烈的市场中实现可持续增长和创新突破。,control.n.05,CONTROL,
2,根据新出台的环境保护法规，政府加强了对工业废水的管理，通过设立监测站点和强制执行排放标准，确保企业遵守环保要求并减少对河流和地下水的污染，保护生态系统的长期健康。,control.n.05,CONTROL,
3,项目管理中，有效的风险控制依赖于前瞻性的管理，它能识别潜在问题并制定应对策略，例如通过定期审计和团队培训来最小化延误和成本超支，确保项目按时交付并满足客户期望。,control.n.05,CONTROL,
4,学校管理不仅涉及日常行政事务和预算分配，还包括课程设计和学生活动策划，通过整合教育技术和个性化学习方案来提升整体教育质量，培养学生全面发展并适应未来社会需求。,management.n.01,MANAGEMENT,
5,在公共卫生领域，疾病预防的管理需要协调医疗资源、社区宣传和国际合作，通过疫苗接种计划和流行病监测系统来控制传染病传播，保护公众健康并减少社会经济损失。,control.n.05,CONTROL,
6,金融监管机构通过严格的管理规则来监督市场交易和金融机构运营，防止欺诈行为和系统性风险，例如实施资本充足率要求和实时监控机制，以维护金融稳定和投资者信心。,control.n.05,CONTROL,
7,个人时间管理技巧帮助个体优先处理任务并减少干扰，通过使用数字化工具和设定明确目标来提高工作效率，实现工作与生活的平衡，并促进长期职业发展和个人幸福感。,management.n.01,MANAGEMENT,
8,信息技术部门的数据管理确保信息的安全存储、快速检索和合规使用，通过加密技术和访问控制来防止数据泄露，支持企业决策并适应日益复杂的网络安全环境。,management.n.01,MANAGEMENT,
9,城市规划中的交通管理旨在优化路网设计和信号系统，通过智能算法和公众参与来减少拥堵和事故，促进绿色出行方式如自行车和公共交通，提升城市可持续性和居民生活质量。,regulation.n.06,REGULATION,
10,食品安全管理通过全程监控和检测体系覆盖从生产到消费的每个环节，例如实施追溯技术和定期审计，保障食品质量并防止污染事件，增强消费者信任和公共健康安全。,regulation.n.06,REGULATION,
11,在团队协作中，领导者的管理风格直接影响成员积极性和项目成果，需通过开放式沟通和激励措施来调整策略，例如采用敏捷方法应对变化，确保团队凝聚力和创新输出。,management.n.01,MANAGEMENT,
12,水资源管理涉及分配、净化和保护措施，通过政策引导和技术创新来应对全球水危机，例如推广节水灌溉和雨水收集系统，确保公平访问并支持农业和城市发展。,regulation.n.06,REGULATION,
13,法律合规管理帮助企业遵循国内外法规和行业标准，通过内部审计和培训程序来避免处罚，维护商业声誉并构建可持续的运营框架，适应不断变化的监管环境。,regulation.n.06,REGULATION,
14,个人财务管理包括预算制定、投资规划和债务控制，通过多样化资产配置和定期评估来实现长期财务自由，例如利用金融应用跟踪支出，提高经济安全感并应对突发事件。,management.n.01,MANAGEMENT,
15,在制造业中，生产流程的管理通过自动化技术和质量控制体系来优化效率，例如引入物联网传感器和实时数据分析，降低成本并提升产出质量，支持企业全球化竞争。,regulation.n.06,REGULATION,
16,教育政策的管理要求学校执行国家课程标准和评估机制，通过资源公平分配和教师培训来确保教育一致性，缩小城乡差距并培养符合社会需求的人才。,regulation.n.06,REGULATION,
17,危机管理在突发事件中协调资源和信息流，通过预演计划和快速响应团队来最小化损失，例如在自然灾害中部署救援力量，恢复正常运营并增强组织韧性。,control.n.05,CONTROL,
18,环境管理聚焦于生态平衡和资源可持续利用，通过保护区和社区项目来维护生物多样性，例如实施再造林和污染清理倡议，应对气候变化并保障未来世代福祉。,regulation.n.06,REGULATION,
19,公共设施的管理需要定期维护和升级基础设施，通过预算规划和公众反馈来提供可靠服务，例如维修道路和供水系统，提升民生满意度并支持城市经济增长。,management.n.01,MANAGEMENT,
20,在零售业，库存管理通过预测需求和供应链协作来优化存储，例如使用 AI 算法避免缺货或积压问题，提高客户满意度并降低运营成本，适应快速变化的消费趋势。,control.n.05,CONTROL,
21,人力资源管理涉及招聘、培训和绩效评估，通过多元化政策和职业发展路径来构建高效团队，例如实施远程工作选项，提升员工忠诚度并推动组织创新。,management.n.01,MANAGEMENT,
22,能源管理通过节能技术和政策引导减少碳排放，例如推广太阳能项目和智能电网，促进可再生能源使用并实现气候目标，支持全球能源转型和经济发展。,regulation.n.06,REGULATION,
23,在农业领域，土壤管理采用科学方法如轮作和有机肥料来保持肥力，通过监测和培训提高作物产量，应对土地退化并确保粮食安全，适应人口增长需求。,regulation.n.06,REGULATION,
24,医疗资源的管理在疫情期间显得尤为重要，需合理分配设备和人员，通过应急协议和数据共享来优化诊疗效率，保护医护人员并控制疾病传播，减轻公共卫生系统压力。,regulation.n.06,REGULATION,
25,供应链管理通过物流优化和合作伙伴协调来控制成本,management.n.01,MANAGEMENT,
26,城市规划中的绿地管理旨在增加公共空间和生态功能，通过社区参与和维护计划来提升居民生活质量，例如建设公园和步行道，促进心理健康和城市 biodiversity。,management.n.01,MANAGEMENT,
27,在金融服务中，风险管理通过评估投资组合和市场趋势来防范损失，例如使用衍生工具和压力测试，平衡收益和不确定性，帮助投资者实现财务目标并维护市场稳定。,control.n.05,CONTROL,
28,教育机构的学生管理包括学业辅导和心理支持，通过个性化计划和家庭合作来促进全面发展，例如提供咨询服务和课外活动，培养 resilient 和 socially responsible 个体。,management.n.01,MANAGEMENT,
29,公共安全的管理依靠监控系统和应急协议来预防犯罪和事故，例如整合 AI 技术和社区警务，提高响应速度并增强公民信任，构建和谐的社会环境。,regulation.n.06,REGULATION,
30,在信息技术中，网络安全管理防御黑客攻击和数据泄露，通过防火墙和员工培训来保护用户隐私，例如应对勒索软件威胁，确保业务连续性并遵守数据保护法规。,regulation.n.06,REGULATION,
31,文化遗产的管理通过修复和保护措施传承历史价值，例如数字化存档和公众教育项目，维护古迹和传统艺术，激发文化认同并促进旅游业发展。,management.n.01,MANAGEMENT,
32,企业战略的管理需要长期视野和灵活调整，通过市场研究和创新投资来适应变化，例如重组业务模式，抓住新机会并保持行业领导地位。,management.n.01,MANAGEMENT,
33,水资源短缺地区的管理实施配额制度和公共宣传，通过技术如海水淡化和循环用水来确保公平分配，缓解冲突并支持可持续 development。,regulation.n.06,REGULATION,
34,在体育组织中，赛事管理协调场地、时间和参与者，通过安全协议和营销策略来保证活动顺利进行，例如处理票务和媒体覆盖，提升观众体验并增加收入。,regulation.n.06,REGULATION,
35,公共财政的管理通过预算审计和绩效评估提高透明度，例如采用数字平台监控支出，防止腐败并优化资源使用，支持民生项目和经济稳定。,regulation.n.06,REGULATION,
36,个人健康管理包括饮食和运动计划，通过定期检查和生活方式调整来预防疾病，例如利用可穿戴设备跟踪指标，提升生活质量并减少医疗开支。,management.n.01,MANAGEMENT,
37,在物流行业，运输管理优化路线和车辆调度，通过 GPS 技术和合作伙伴整合来降低运营成本，例如减少燃料消耗，提高交付效率并满足客户期望。,regulation.n.06,REGULATION,
38,环境法规的管理强制执行排放标准和惩罚机制，通过监督和激励措施推动企业采用清洁技术，例如碳交易计划，减少污染并促进绿色创新。,regulation.n.06,REGULATION,
39,学校食堂的管理注重卫生和营养平衡，通过供应商审核和菜单设计来保障学生饮食安全，例如引入本地食材，支持健康成长并教育可持续习惯。,management.n.01,MANAGEMENT,
40,在金融科技领域，数字资产的管理通过区块链技术和智能合约确保交易安全，例如防止欺诈和黑客攻击，增强用户信任并推动数字货币 adoption。,regulation.n.06,REGULATION,
41,城市垃圾的管理分类回收和处理，通过公众教育和基础设施投资来减少环境污染，例如建设焚烧厂和堆肥设施，促进循环经济并创造就业机会。,regulation.n.06,REGULATION,
42,团队项目的管理依赖清晰的目标设定和沟通渠道，通过定期会议和反馈循环来避免误解和延误，例如使用协作软件，提高生产力并实现创新成果。,management.n.01,MANAGEMENT,
43,公共服务的管理的改进通过数字化平台和公民参与，例如推出在线申请系统和反馈机制，提高效率并增强满意度，构建响应迅速的政府形象。,management.n.01,MANAGEMENT,
44,在旅游业，景区管理控制游客流量和保护措施，通过预约系统和生态教育来平衡经济效益和资源保存，例如限制访问时段，维护自然景观并支持本地社区。,regulation.n.06,REGULATION,
45,人力资源的管理的创新引入远程工作政策和多元化培训，通过灵活安排和包容文化来适应新时代需求，例如提升员工福祉，吸引人才并减少流失率。,management.n.01,MANAGEMENT,
46,能源消耗的管理通过智能电表和价格信号监控家庭和企业使用，例如实施分时电价，鼓励节能行为并降低整体需求，支持电网稳定和气候目标。,regulation.n.06,REGULATION,
47,在医疗系统中，患者信息的管理电子化通过健康记录和互操作平台，提高诊疗效率和准确性，例如减少重复测试，保障隐私并支持研究进展。,management.n.01,MANAGEMENT,
48,农业水资源的管理采用滴灌和传感器技术提高用水效率，通过政策支持和农民培训来减少浪费，例如应对干旱条件，确保作物产量并保护生态系统。,management.n.01,MANAGEMENT,
49,企业创新的管理鼓励研发投入和跨部门合作，通过孵化器和奖励机制来推动技术进步，例如加速产品开发，增强市场竞争力并应对行业 disruption。,management.n.01,MANAGEMENT,
50,公共交通的管理优化线路和班次频率，通过数据分析和乘客反馈来缓解城市拥堵，例如引入电动巴士，减少排放并提高可及性，支持 inclusive growth。,regulation.n.06,REGULATION,
51,在教育技术中，在线学习平台的管理提供个性化课程和评估工具，通过 AI 算法和教师支持来增强学习效果，例如适应不同学习风格，扩大教育 access 并缩小数字鸿沟。,management.n.01,MANAGEMENT,
52,金融风险的管理通过多样化投资和保险产品平衡收益，例如评估经济周期和地缘政治因素，防范市场波动并帮助客户实现长期财富积累。,control.n.05,CONTROL,
53,城市噪音的管理设立限制区和监测网络，通过法规和公众意识活动来改善居民生活环境，例如控制建筑和交通噪音，减少健康影响并提升生活品质。,control.n.05,CONTROL,
54,团队冲突的管理通过调解技巧和团队建设活动来维护和谐，例如促进开放对话和尊重差异，增强合作精神并提高项目成功率。,control.n.05,CONTROL,
55,自然资源的管理制定保护政策和可持续开采计划，通过国际协议和本地行动来防止过度利用，例如保护森林和海洋资源，维护生态服务并支持经济发展。,regulation.n.06,REGULATION,
56,在零售电商中，客户关系的管理通过数据分析和个性化互动来提升忠诚度，例如使用 CRM 系统跟踪购买历史，增加销售额并构建长期伙伴关系。,management.n.01,MANAGEMENT,
57,公共卫生事件的管理协调医疗资源和信息传播，通过快速响应和社区动员来应对疫情爆发，例如实施隔离和检测策略，减少传播并恢复社会正常 cy。,regulation.n.06,REGULATION,
58,企业文化的管理的强化通过价值观培训和领导示范来增强员工归属感，例如举办团队活动和反馈会议，塑造积极环境并推动组织使命实现。,management.n.01,MANAGEMENT,
59,水资源污染的管理实施净化工程和监管措施，通过合作项目和公众参与来恢复河流健康，例如清理塑料废物，保障饮用水安全并支持生物多样性。,regulation.n.06,REGULATION,
60,在制造业，质量管理的体系通过国际认证和持续改进来确保产品可靠性，例如采用六西格玛方法，减少缺陷并增强客户信任，适应全球标准。,control.n.05,CONTROL,
61,教育评估的管理定期测试学生进步和教学效果，通过数据驱动决策来调整策略，例如引入形成性评估，提升学习成果并支持教师专业发展。,regulation.n.06,REGULATION,
62,金融市场的管理的改革引入新规则和监管科技，通过透明报告和风险监控来促进公平交易，例如防止内幕交易，维护投资者权益并增强系统韧性。,regulation.n.06,REGULATION,
63,个人压力的管理通过冥想和休闲活动来维持心理平衡，例如结合运动和社会支持，应对工作需求并提升整体幸福感和生产力。,control.n.05,CONTROL,
64,在城市发展中，土地资源的管理规划用途和保护区域，通过公众咨询和可持续设计来避免无序扩张，例如保留农田和绿地，支持生态平衡和社区福祉。,regulation.n.06,REGULATION,
65,团队绩效的管理设置指标和奖励系统来激励成员，通过定期评估和职业发展机会来达成共同目标，例如 align 个人与组织愿景，提高 engagement 和输出质量。,regulation.n.06,REGULATION,
66,公共信息的管理的透明化通过开放数据门户和公民监督，例如发布政府报告和预算细节，增强信任并促进问责，支持民主进程和社会参与。,management.n.01,MANAGEMENT,
67,在能源行业，电网管理平衡供需和整合可再生能源，通过预测技术和储能方案来防止停电，例如应对极端天气，确保可靠供电并推动清洁转型。,regulation.n.06,REGULATION,
68,医疗设备的管理定期校准和维护，通过标准化流程和培训来确保诊断准确性，例如处理影像仪器，支持精准医疗并减少错误风险。,management.n.01,MANAGEMENT,
69,农业害虫的管理使用生物防治和综合策略来减少化学农药，通过研究和农民教育保护作物健康，例如引入天敌昆虫，促进可持续农业并保障 food security。,control.n.05,CONTROL,
70,企业合规的管理审核内部流程和外部法规，通过风险评估和报告机制来避免法律纠纷，例如应对反腐败法律，维护声誉并构建 ethical 文化。,regulation.n.06,REGULATION,
71,公共空间的管理增设设施和安全措施，通过社区合作和定期检查来提升活动质量，例如安装照明和监控，减少犯罪并促进社会互动。,management.n.01,MANAGEMENT,
72,在物流供应链中，库存管理的优化通过实时跟踪和需求预测来减少滞销风险，例如使用 RFID 技术，提高周转率并支持 just-in-time 生产。,control.n.05,CONTROL,
73,环境教育的管理的推广通过学校课程和公众活动，例如组织工作坊和媒体宣传，培养环保意识并激励行动，应对全球挑战如气候变化。,management.n.01,MANAGEMENT,
74,金融科技的管理监管创新产品和服务，通过测试框架和消费者保护来确保安全，例如评估加密货币风险，促进创新并维护系统 integrity。,management.n.01,MANAGEMENT,
75,个人知识的管理整理学习资料和网络资源，通过数字化工具和反思实践来提高终身学习效率，例如构建知识库，适应职业变化并激发创造力。,management.n.01,MANAGEMENT,
76,在城市更新中，历史建筑的管理修复外观和结构，通过专家咨询和资金筹集来保留文化特色，例如适应现代用途，振兴社区并吸引 tourism。,management.n.01,MANAGEMENT,
77,团队创新的管理的鼓励通过头脑风暴和实验文化，例如提供资源和支持失败学习，激发新想法并加速问题解决，推动组织适应力和增长。,management.n.01,MANAGEMENT,
78,公共健康的管理推广疫苗接种和预防计划，通过数据分析和跨部门合作来控制传染病，例如应对流感季节，提高覆盖率并减少医疗负担。,regulation.n.06,REGULATION,
79,在信息技术中，软件开发的管理的敏捷方法加速产品迭代，通过短周期和用户反馈来适应需求变化，例如减少时间 - to-market，提高质量并满足客户期望。,management.n.01,MANAGEMENT,
80,水资源分配的管理在干旱地区优先保障民生和农业，通过政策和技术干预来避免社会冲突，例如实施水权交易，支持公平访问并促进 resilience。,regulation.n.06,REGULATION,
81,企业品牌的管理维护形象和声誉，通过营销策略和危机沟通来提升市场地位，例如应对负面新闻，构建忠诚客户群并驱动长期价值。,management.n.01,MANAGEMENT,
82,教育资源的管理的公平分配通过政策调整和技术应用缩小城乡差距，例如提供数字设备和培训，促进社会平等并培养未来劳动力。,regulation.n.06,REGULATION,
83,在自然灾害中，应急管理协调救援力量和物资调度，通过预警系统和国际合作来减少生命损失，例如部署快速响应团队，支持恢复并增强社区 preparedness。,regulation.n.06,REGULATION,
84,在国际贸易中，关税和进出口的管理依赖于多边协议和国内法律框架，以平衡经济利益并防止贸易保护主义抬头，从而促进全球市场的稳定发展。,regulation.n.06,REGULATION,
85,在艺术展览策划中，展品的管理包括运输、保险和陈列安排，确保珍贵艺术品的安全和展示效果，吸引更多观众并传播文化价值。,management.n.01,MANAGEMENT,
86,个人情绪的管理通过心理咨询和正念练习，帮助个体应对压力并提升心理健康，这在快节奏的现代社会中尤为重要。,control.n.05,CONTROL,
87,在航空航天领域，飞行安全的管理依赖于严格的维护规程和实时监控系统，防止事故并保障乘客和机组人员的生命财产安全。,regulation.n.06,REGULATION,
88,城市公共图书馆的管理不仅涉及书籍采购和借阅服务，还包括数字资源整合和社区活动组织，以促进全民阅读和终身学习。,management.n.01,MANAGEMENT,
89,在食品安全体系中，供应链的管理从农场到餐桌全程追溯，通过检测和认证确保食品质量，防止污染和欺诈行为。,regulation.n.06,REGULATION,
90,企业知识资产的管理通过专利保护和内部培训，将隐性知识转化为竞争优势，推动创新和长期增长。,management.n.01,MANAGEMENT,
91,在自然灾害应对中，应急资源的管理协调救援物资和人员调度，快速响应灾情并最小化社会影响，提高社区韧性。,regulation.n.06,REGULATION,
92,教育技术的管理整合智能工具和数据分析，个性化学习路径并评估教学效果，以适应数字化时代的教学需求。,management.n.01,MANAGEMENT,
93,在金融投资中，资产组合的管理通过分散风险和再平衡策略，优化回报率并应对市场不确定性，帮助投资者实现财务目标。,regulation.n.06,REGULATION,
94,公共公园的绿化和设施的管理定期修剪植被和维修设备，提供舒适的休闲空间，增强市民的生活满意度和环境意识。,management.n.01,MANAGEMENT,
95,在制造业供应链中，原材料的管理优化采购和库存水平，减少浪费并确保生产连续性，支持可持续运营。,regulation.n.06,REGULATION,
96,医疗伦理的管理在临床试验中保护受试者权益，遵循国际准则并监督研究过程，确保科学进步与道德平衡。,regulation.n.06,REGULATION,
97,在体育赛事中，运动员健康的管理包括营养计划和伤病预防，通过专业团队支持提升表现并延长职业生涯。,management.n.01,MANAGEMENT,
98,城市交通信号的管理利用智能算法调整红绿灯时序，缓解拥堵并减少排放，促进绿色出行和城市效率。,regulation.n.06,REGULATION,
99,个人社交媒体的管理涉及内容筛选和隐私设置，帮助用户维护在线形象并避免网络风险，适应数字社交趋势。,management.n.01,MANAGEMENT,
100,在环境保护中，野生动植物种群的管理通过栖息地保护和繁殖计划，维护生态平衡并防止物种灭绝。,management.n.01,MANAGEMENT,
101,企业客户服务的管理改进通过反馈系统和培训，提高响应速度和质量，增强客户忠诚度和品牌声誉。,management.n.01,MANAGEMENT,
102,在国际关系中，边境安全的管理结合巡逻技术和合作协议，防止非法移民和走私活动，维护国家主权和稳定。,management.n.01,MANAGEMENT,
103,在教育公平中，资源分配的管理优先支持偏远地区学校，缩小城乡差距并确保每个孩子获得优质教育机会。,regulation.n.06,REGULATION,
104,在能源转型中，可再生能源项目的管理协调资金和技术部署，加速太阳能和风能应用，减少对化石燃料依赖。,management.n.01,MANAGEMENT,
105,公共健康数据的管理通过电子健康记录和统计分析，追踪疾病趋势并指导政策制定，提升全民健康水平。,management.n.01,MANAGEMENT,
106,在零售业中，多渠道销售的管理整合线上和线下平台，提供无缝购物体验并扩大市场份额，适应消费者行为变化。,management.n.01,MANAGEMENT,
107,个人职业发展的管理包括技能培训和网络建设，帮助个体适应就业市场变化并实现长期职业目标。,management.n.01,MANAGEMENT,
108,在城市更新项目中，历史街区的管理平衡保护与开发，保留文化遗产的同时引入现代功能，振兴社区经济。,management.n.01,MANAGEMENT,
109,在信息技术中，云计算资源的管理优化服务器分配和成本控制，支持企业数字化转型并提高运营灵活性。,management.n.01,MANAGEMENT,
110,农业可持续发展的管理推广有机耕作和节水技术，保护土壤健康并应对气候变化挑战，确保粮食安全。,regulation.n.06,REGULATION,
111,在公共财政中，预算执行的管理通过审计和绩效评估，确保资金有效使用并防止腐败，增强政府透明度。,regulation.n.06,REGULATION,
112,团队远程协作的管理依赖沟通工具和清晰目标设定，克服地理障碍并维持生产力，适应全球化工作模式。,management.n.01,MANAGEMENT,
113,在自然灾害预警中，气象数据的管理整合卫星观测和模型预测，提前发布警报并减少生命财产损失。,management.n.01,MANAGEMENT,
114,企业品牌形象的管理通过公关活动和社交媒体互动，塑造积极公众认知并应对危机事件，维护市场地位。,management.n.01,MANAGEMENT,
115,在教育评估中，标准化测试的管理确保公平性和可靠性，为政策调整提供依据并推动教学改进。,management.n.01,MANAGEMENT,
116,在金融科技中，支付系统的管理防范网络攻击和欺诈，保障交易安全并促进数字经济发展。,control.n.05,CONTROL,
117,城市噪音污染的管理设立静音区和监测点，减少工业和生活噪音干扰，改善居民健康和生活质量。,control.n.05,CONTROL,
118,个人家庭财务的管理制定预算和储蓄计划，应对突发事件并实现长期财富积累，提升家庭安全感。,management.n.01,MANAGEMENT,
119,在物流行业中，最后一公里配送的管理优化路线和交付时间，提高客户满意度并降低运营成本。,regulation.n.06,REGULATION,
120,环境碳足迹的管理通过减排项目和碳交易机制，推动企业向低碳转型并应对全球变暖问题。,regulation.n.06,REGULATION,
121,在医疗系统中，药品供应链的管理确保药物可及性和质量，防止短缺和假药流通，保障患者治疗。,regulation.n.06,REGULATION,
122,企业创新文化的管理鼓励通过奖励机制和跨部门合作，激发员工创造力并加速产品开发。,management.n.01,MANAGEMENT,
123,在国际援助中，人道主义资源的管理分配物资和志愿者，支持灾区重建并缓解人道危机。,management.n.01,MANAGEMENT,
124,在教育国际化中，留学生事务的管理提供签证支持和文化适应服务，促进跨文化交流和学术合作。,management.n.01,MANAGEMENT,
125,在体育产业中，赛事版权管理的商业化通过转播协议和数字平台，扩大观众基础并增加收入来源。,management.n.01,MANAGEMENT,
126,城市公共艺术的管理策划壁画和雕塑项目，美化环境并激发社区创造力，提升城市文化魅力。,regulation.n.06,REGULATION,
127,在金融服务中，信用风险的管理评估借款者信誉并设定贷款条件，防止违约并维护金融稳定。,control.n.05,CONTROL,
128,个人时间管理的进阶技巧包括优先级矩阵和数字化工具，帮助忙碌专业人士实现工作生活平衡。,management.n.01,MANAGEMENT,
129,在农业科技中，精准农业的管理利用传感器和数据分析，优化灌溉和施肥，提高产量并减少资源浪费。,management.n.01,MANAGEMENT,
130,企业供应链透明度的管理通过区块链追溯原材料来源，确保道德采购并响应消费者对可持续性的需求。,regulation.n.06,REGULATION,
131,在公共安全中，网络安全的管理防御黑客和病毒攻击，保护关键基础设施和个人隐私。,control.n.05,CONTROL,
132,教育课程开发的管理结合学科前沿和学生需求，设计创新内容并培养未来所需技能。,regulation.n.06,REGULATION,
133,在能源效率中，建筑能耗的管理采用隔热材料和智能控制系统，降低运营成本并减少环境影响。,control.n.05,CONTROL,
134,个人心理健康的管理定期自我反思和专业支持，应对焦虑和抑郁，提升整体幸福感和生产力。,management.n.01,MANAGEMENT,
135,在城市交通中，共享单车停放的管理通过电子围栏和用户教育，规范使用并减少公共空间混乱。,regulation.n.06,REGULATION,
136,团队多元化的管理尊重不同背景和观点，促进包容性文化并激发创新思维，增强组织竞争力。,management.n.01,MANAGEMENT,
137,在环境保护中，海洋塑料污染的管理推动清洁行动和可降解材料使用，保护海洋生态系统。,control.n.05,CONTROL,
138,企业数字化转型的管理整合新技术和业务流程，提高效率并开拓新市场，保持行业领先地位。,management.n.01,MANAGEMENT,
139,在国际旅游中，文化遗产景点的管理控制游客流量和保护措施，平衡经济效益和资源保存。,regulation.n.06,REGULATION,
140,在教育资源中，数字图书馆的管理提供开放获取和个性化推荐，扩大知识传播并支持研究学习。,regulation.n.06,REGULATION,
141,在金融监管中，反洗钱的管理监控交易模式并报告可疑活动，打击犯罪并维护金融系统诚信。,control.n.05,CONTROL,
142,个人运动健康的管理制定锻炼计划和营养搭配，预防慢性病并提升体能，支持积极生活方式。,management.n.01,MANAGEMENT,
143,在物流供应链中，冷链物流的管理确保温度敏感商品的质量，从生产到零售全程监控，减少损耗。,regulation.n.06,REGULATION,
144,城市空气质量管理监测污染物并实施减排政策，改善公众健康并应对气候变化挑战。,regulation.n.06,REGULATION,
145,企业危机沟通的管理提前准备应对策略和媒体关系，最小化负面影响并恢复公众信任。,regulation.n.06,REGULATION,
146,在农业政策中，补贴分配的管理确保公平性和目标达成，支持小农户并促进产业稳定。,regulation.n.06,REGULATION,
147,在公共健康中，疫苗接种计划的管理协调生产和分发，提高覆盖率并控制传染病传播。,regulation.n.06,REGULATION,
148,个人数字隐私的管理使用加密工具和谨慎分享信息，防止数据泄露并保护在线安全。,management.n.01,MANAGEMENT,
149,在科技初创企业中，知识产权管理的战略布局通过专利申请和许可，保护创新成果并吸引投资。,management.n.01,MANAGEMENT,
150,在城市规划中，水资源循环的管理推广雨水收集和再利用，缓解短缺并促进可持续城市发展。,regulation.n.06,REGULATION,
151,团队项目时间线的管理设置里程碑和缓冲期，应对延误并确保按时交付，提高客户满意度。,regulation.n.06,REGULATION,
152,在环境保护中，森林资源的管理实施可持续采伐和再植计划，维护生物多样性和碳汇功能。,regulation.n.06,REGULATION,
153,企业员工福利的管理提供健康保险和灵活工作选项，提升满意度并降低流失率，构建忠诚团队。,management.n.01,MANAGEMENT,
154,在国际外交中，多边协议的管理协调国家利益和全球目标，解决冲突并促进和平合作。,regulation.n.06,REGULATION,
155,在教育技术中，虚拟实验室的管理模拟实验环境，提供安全且低成本的学习体验，增强 STEM 教育。,management.n.01,MANAGEMENT,
156,在金融市场中，高频交易的管理设定规则和监控系统，防止市场操纵并确保公平竞争。,regulation.n.06,REGULATION,
157,个人旅行计划的管理预订行程和应急准备，确保安全愉快体验并适应不同文化环境。,management.n.01,MANAGEMENT,
158,在零售业中，客户忠诚度管理的计划通过积分和个性化优惠，增加重复购买并提升品牌价值。,management.n.01,MANAGEMENT,
159,城市公共运输的管理优化线路和票价结构，提高可及性并减少私家车使用，推动绿色出行。,regulation.n.06,REGULATION,
160,在医疗研究中，临床试验数据的管理确保准确记录和伦理合规，加速新药审批并改善患者预后。,regulation.n.06,REGULATION,
161,企业社会责任的管理推动环保和社区项目，增强品牌形象并贡献社会可持续发展。,management.n.01,MANAGEMENT,
162,在自然灾害恢复中，重建项目的管理协调资金和施工进度，快速恢复基础设施并支持经济复苏。,management.n.01,MANAGEMENT,
163,教育教师专业发展的管理提供培训和晋升机会，提升教学质量并激励教育工作者。,management.n.01,MANAGEMENT,
164,在能源市场中，电力需求的管理通过智能电网和价格信号，平衡供需并防止停电事故。,regulation.n.06,REGULATION,
165,个人投资组合的管理动态调整根据市场趋势，最大化收益并管理风险，实现财务自由。,management.n.01,MANAGEMENT,
166,在城市社区中，公共设施维护的管理定期检查维修，确保安全使用并提升居民生活质量。,management.n.01,MANAGEMENT,
167,在金融科技公司的算法交易管理建立了严格的风控框架，通过实时监测交易模式和设置阈值来防范市场异常波动，维护交易公平性和系统稳定性。,control.n.05,CONTROL,
168,自然保护区生态旅游的管理平衡了访客体验与环境保护，通过预约制度和导游培训控制人类活动影响，保护脆弱生态系统同时支持当地经济发展。,regulation.n.06,REGULATION,
169,高等教育机构的科研项目管理涵盖资金分配和团队协作，通过进度评估和成果转化机制推动学术创新，为社会技术进步培养人才。,management.n.01,MANAGEMENT,
170,城市智慧停车系统的管理利用传感器和移动应用优化车位使用，通过动态定价和导航服务减少寻找车位时间，改善交通流畅度和市民满意度。,management.n.01,MANAGEMENT,
171,企业数字化转型中技术架构的管理需要整合新旧系统，通过云计算和数据分析提升运营效率，确保业务连续性并在竞争中保持优势。,management.n.01,MANAGEMENT,
172,国际发展援助项目的管理协调捐助方和当地社区，通过需求评估和效果监测确保资源有效利用，推动受援地区可持续发展。,management.n.01,MANAGEMENT,
173,职业体育队伍的训练管理结合科学方法和个性化计划，通过生理数据监控和营养调配提升运动员表现，降低受伤风险并延长职业生涯。,management.n.01,MANAGEMENT,
174,食品安全追溯体系的管理实现了从农场到餐桌的全程监控，通过区块链技术和定期审计确保信息透明，快速应对潜在污染事件保护消费者权益。,regulation.n.06,REGULATION,
175,公共图书馆数字资源的管理整合了电子书籍和在线数据库，通过用户行为分析和个性化推荐提升服务品质，促进知识传播和终身学习。,management.n.01,MANAGEMENT,
176,气候变化适应策略的管理需要跨部门协作，通过基础设施改造和社区教育应对极端天气，增强社会韧性和生态可持续性。,regulation.n.06,REGULATION,
177,医疗机构的医患关系管理通过沟通培训和投诉处理机制，改善诊疗体验并建立信任，提高医疗服务质量和患者满意度。,regulation.n.06,REGULATION,
178,智能制造工厂的生产线管理采用物联网和人工智能技术，实时优化设备运行和能源消耗，提升生产效率并实现精准质量控制。,regulation.n.06,REGULATION,
179,城市建筑垃圾资源化管理通过分类回收和再生利用，减少填埋量并生产环保建材，推动循环经济发展和碳减排目标实现。,regulation.n.06,REGULATION,
180,国际物流网络的节点管理优化仓储布局和运输路线，利用大数据预测需求变化，降低运营成本并提升全球供应链韧性。,regulation.n.06,REGULATION,
181,非物质文化遗产的保护管理通过数字化存档和传承人培养，保存传统技艺和文化记忆，促进文化多样性维护和社区认同构建。,regulation.n.06,REGULATION,
182,企业并购整合期间的人力资源管理注重文化融合和团队建设，通过沟通计划和职业发展路径保留关键人才，实现协同效应和价值创造。,management.n.01,MANAGEMENT,
183,城市热岛效应的缓解管理推广绿色屋顶和透水铺装，通过植被覆盖和建筑改造降低地表温度，改善微气候并减少能源消耗。,regulation.n.06,REGULATION,
184,临床试验项目的质量管理遵循国际标准和伦理准则，通过独立监察和数据核查确保研究可靠性，加速新药研发和医疗进步。,regulation.n.06,REGULATION,
185,电子商务平台的商家管理建立评级体系和培训机制，通过质量审核和消费者反馈维护市场秩序，提升平台信誉和用户忠诚度。,management.n.01,MANAGEMENT,
186,灾难心理援助服务的管理组织专业团队和社区资源，通过危机干预和长期陪伴帮助受灾群众心理重建，恢复社会功能和生活信心。,management.n.01,MANAGEMENT,
187,智慧农业系统中的灌溉管理采用传感器网络和气象数据，通过精准控水和肥料调配提高资源利用率，实现可持续农业生产。,management.n.01,MANAGEMENT,
188,企业创新孵化器的运营管理提供创业辅导和资源对接，通过路演活动和投资引进培育初创企业，推动产业升级和经济增长。,management.n.01,MANAGEMENT,
189,城市历史街区的交通管理实施步行优先区和单向通行，通过信号优化和停车限制保护传统风貌，平衡文化遗产保护与现代交通需求。,management.n.01,MANAGEMENT,
190,跨境电子商务的关税管理协调各国政策和清关流程，通过数字化申报和风险评估加快货物通行，促进国际贸易便利化。,regulation.n.06,REGULATION,
191,老年长期照护服务的管理整合医疗资源和社会支持，通过需求评估和个性化计划保障生活质量，应对人口老龄化挑战。,management.n.01,MANAGEMENT,
192,影视制作项目的预算管理控制拍摄成本和后期制作，通过进度跟踪和应急储备确保艺术创作，实现商业回报与艺术价值平衡。,regulation.n.06,REGULATION,
193,海洋保护区渔业资源管理实施休渔期和捕捞配额，通过科学监测和渔民合作维护种群数量，保障海洋生态平衡和渔业可持续发展。,management.n.01,MANAGEMENT,
194,智慧城市数据平台的管理建立隐私保护和共享机制，通过跨部门数据融合支持决策分析，提升公共服务水平和城市治理效能。,management.n.01,MANAGEMENT,
195,企业环境社会治理的管理纳入战略规划和绩效考核，通过可持续发展报告和利益方沟通，创造长期价值并履行社会责任。,regulation.n.06,REGULATION,
196,重大活动安保工作的管理部署警力和技术设备，通过风险评估和应急预案防范安全威胁，确保活动顺利举行和参与者安全。,management.n.01,MANAGEMENT,
197,在线教育平台的内容管理审核课程质量和教学标准，通过专家评审和学员反馈优化知识传递，保障教育效果和品牌声誉。,management.n.01,MANAGEMENT,
198,工业园区的环境安全管理监测污染物排放和职业健康，通过定期检查和安全培训预防事故，实现经济效益与环境保护双赢。,regulation.n.06,REGULATION,
199,文化遗产数字化保护的管理采用3D扫描和虚拟现实技术，通过数据存储和公众展示扩大访问渠道，延续历史文脉和教育功能。,management.n.01,MANAGEMENT,
200,供应链金融风险的管理评估交易背景和信用状况，通过区块链记录和保险覆盖降低违约风险，支持中小企业融资和商业生态健康。,control.n.05,CONTROL,
201,城市流浪动物收容管理实施绝育计划和领养服务，通过志愿者管理和公众教育控制数量，改善动物福利和社区环境卫生。,management.n.01,MANAGEMENT,
202,科研数据中心的管理维护服务器和备份系统，通过访问权限和加密传输保护知识产权，支持科学发现和技术创新。,management.n.01,MANAGEMENT,
203,旅游景区承载力管理通过票务系统和游客分流，在保护自然景观的同时优化游览体验，实现资源可持续利用和经济收益平衡。,regulation.n.06,REGULATION,
204,企业危机公关管理建立媒体沟通和舆情监测，通过快速反应和事实澄清维护公众信任，最大限度减少突发事件负面影响。,management.n.01,MANAGEMENT,
205,特殊教育学校的学生管理制定个性化教学方案，通过专业教师团队和家庭合作开发潜能，帮助特殊需求学生融入社会。,management.n.01,MANAGEMENT,
206,智能制造质量管理系统集成检测设备和分析软件，通过实时监控和预警机制提升产品一致性，满足高端市场需求和行业标准。,regulation.n.06,REGULATION,
207,城市河道综合治理管理结合生态修复和景观设计，通过清淤工程和植被恢复改善水质，创造亲水空间并提升滨水区域价值。,regulation.n.06,REGULATION,
208,国际信用卡交易风险管理采用欺诈检测算法和身份验证，通过实时拦截和客户通知减少盗刷损失，保障电子支付安全可靠。,control.n.05,CONTROL,
209,保障性住房分配管理建立轮候制度和资格审查，通过信息公开和社区监督确保公平公正，解决低收入群体居住需求。,regulation.n.06,REGULATION,
210,企业知识库系统的管理更新技术文档和案例资料，通过分类索引和权限设置促进知识共享，提高组织学习能力和创新效率。,management.n.01,MANAGEMENT,
211,职业健康安全管理实施风险评估和防护措施，通过定期体检和安全培训预防职业病，保障员工福祉和企业稳定运营。,regulation.n.06,REGULATION,
212,新能源汽车充电网络管理优化站点布局和支付系统，通过负荷预测和智能调度平衡电网压力，推动清洁交通普及和能源转型。,management.n.01,MANAGEMENT,
213,博物馆藏品保护管理控制温湿度和光照条件，通过科学修复和定期检查延长文物寿命，传承人类文明和艺术精华。,regulation.n.06,REGULATION,
214,跨境数据流动管理遵循各国隐私法规，通过加密传输和本地化存储保护个人信息，支持全球业务同时确保合规性。,regulation.n.06,REGULATION,
215,社区心理健康服务管理组织专业咨询和互助小组，通过早期干预和持续支持预防心理危机，促进居民精神福祉和社会和谐。,management.n.01,MANAGEMENT,
216,工业废水零排放管理采用先进处理技术和循环利用，通过浓度监控和工艺优化实现资源回收，达到环境保护和成本控制双赢。,regulation.n.06,REGULATION,
217,航空运输安全管理完善飞行标准和维护规程，通过黑匣子数据和模拟训练提升安全性，保障旅客生命财产和行业信誉。,regulation.n.06,REGULATION,
218,数字营销活动管理分析用户数据和市场趋势，通过多渠道投放和效果评估优化广告策略，提高品牌影响力和销售转化。,management.n.01,MANAGEMENT,
219,保障农产品质量安全管理实施产地认证和追溯编码，通过快速检测和市场准入确保食品安全，维护消费者权益和农业品牌价值。,regulation.n.06,REGULATION,
220,城市公共艺术项目管理协调艺术家和社区意见，通过方案评审和后期维护丰富文化景观，提升城市形象和居民审美体验。,management.n.01,MANAGEMENT,
221,企业供应链碳足迹管理核算排放数据和设定目标，通过绿色采购和物流优化减少环境影响，响应气候变化和可持续发展要求。,regulation.n.06,REGULATION,
222,职业技能培训管理设计课程体系和认证标准，通过实操训练和就业对接提升劳动者素质，支持产业升级和就业市场稳定。,management.n.01,MANAGEMENT,
223,生物多样性保护管理建立自然保护区和生态走廊，通过物种监测和栖息地修复维护生态平衡，应对全球生物多样性丧失危机。,regulation.n.06,REGULATION,
224,智慧医疗健康管理整合穿戴设备和远程诊疗，通过数据分析和个性化建议改善健康结局，降低医疗成本和提高生命质量。,management.n.01,MANAGEMENT,
225,会展活动安全管理制定人流控制和应急方案，通过安检设备和医疗站点防范各类风险，确保参与者安全和活动顺利进行。,regulation.n.06,REGULATION,
226,企业海外投资管理评估政治风险和市场需求，通过本地化运营和法律咨询规避不确定性，实现国际化战略和收益最大化。,control.n.05,CONTROL,
227,城市照明节能管理采用LED技术和智能控制，通过分时调光和故障自动报警减少能耗，提升夜间环境质量和运营效率。,regulation.n.06,REGULATION,
228,公益慈善项目管理透明化资金使用和效果评估，通过社会监督和专业执行提升公信力，有效解决社会问题和促进公平正义。,management.n.01,MANAGEMENT,
229,数字版权管理运用水印技术和许可协议，通过监测平台和维权行动保护创作者权益，促进文化创意产业健康发展。,management.n.01,MANAGEMENT,
230,危险化学品运输管理规范包装和运输路线，通过GPS跟踪和应急演练预防事故，保障公共安全和环境不受威胁。,regulation.n.06,REGULATION,
231,企业并购后文化整合管理开展价值观调研和团队活动，通过求同存异和共同愿景促进融合，实现并购价值和协同效应。,management.n.01,MANAGEMENT,
232,城市社区网格化管理划分责任区域和信息采集，通过快速响应和资源调配解决民生问题，提升基层治理精度和效率。,management.n.01,MANAGEMENT,
233,国际体育赛事反兴奋剂管理实施检测和教育计划，通过严格处罚和预防措施维护公平竞争，保护运动员健康和体育精神。,control.n.05,CONTROL,
234,沿海城市风暴潮防灾管理建设防护工程和预警系统，通过疏散演练和社区宣传减少灾害损失，增强城市气候韧性和安全性。,control.n.05,CONTROL,
235,例如实施实时跟踪和风险管理策略，确保产品及时交付给客户，增强企业竞争力并应对全球 disruptions。,control.n.05,CONTROL,
236,野生鸟类栖息地管理控制人为干扰和食物来源，通过生态监测和保护教育维护种群稳定，促进生物多样性保护和生态平衡。,regulation.n.06,REGULATION,
237,互联网金融产品管理设计风控模型和用户体验，通过数据加密和信息披露保障交易安全，推动金融创新和普惠金融发展。,regulation.n.06,REGULATION,
238,城市老旧小区改造管理协调居民意见和施工计划，通过基础设施更新和公共服务提升居住品质，促进城市更新和社会和谐。,regulation.n.06,REGULATION,
239,企业海外供应链风险管理评估地缘政治和自然灾害，通过多元化和备份计划确保业务连续，应对全球不确定性挑战。,control.n.05,CONTROL,
240,特殊儿童康复服务管理制定个别化训练方案，通过专业评估和家庭参与促进能力发展，帮助儿童实现最大潜能和社会融入。,management.n.01,MANAGEMENT,
241,智能制造能源管理系统监控设备耗能和峰谷时段，通过优化运行和储能利用降低碳足迹，实现绿色制造和成本节约。,management.n.01,MANAGEMENT,
242,历史文化名城保护管理控制建筑高度和开发强度，通过修缮补助和活化利用延续城市文脉，平衡遗产保护与城市发展。,regulation.n.06,REGULATION,
243,跨境电子商务物流管理整合清关和配送服务，通过数字化平台和路线优化缩短交付时间，提升客户体验和国际贸易效率。,regulation.n.06,REGULATION,
244,企业数字化转型中数据治理管理建立质量标准和生命周期，通过分类管理和隐私保护释放数据价值，支持决策和业务创新。,regulation.n.06,REGULATION,
245,城市声环境质量管理设置监测点和隔音屏障，通过交通管制和建筑规范控制噪声污染，改善居民生活质量和健康水平。,regulation.n.06,REGULATION,
246,重大科研基础设施管理维护仪器设备和共享平台，通过预约系统和专业支持服务科技创新，提升国家研发能力和竞争力。,management.n.01,MANAGEMENT,
247,国际空间站垃圾管理采用分类压缩和定期运输，通过密封容器和轨道计算控制太空碎片，确保航天器运行安全和轨道环境可持续。,control.n.05,CONTROL,
248,当代艺术博物馆策展管理平衡学术价值与公众教育，通过主题策划和数字导览增强观展体验，促进艺术普及与文化对话。,management.n.01,MANAGEMENT,
249,全球加密货币监管管理协调各国政策和技术标准，通过身份验证和交易监控防范金融犯罪，维护市场秩序和投资者保护。,regulation.n.06,REGULATION,
250,濒危语言保护管理采用语音存档和社区教学，通过数字化工具和代际传承维护文化多样性，保存人类文明宝贵遗产。,regulation.n.06,REGULATION,
,,,,
,,,,
